dropped,seed,auc,ap,auc_new,ap_new,brier,ece,prevalence
none (all features),0,0.95097943779982,0.7728967120616014,0.7111592462952352,0.024623923434088434,0.02043665014207363,0.001754994685634632,0.07506818324327469
degree,0,0.9506309108962523,0.768354813009699,0.7090180224736442,0.024251256103981846,0.02043721079826355,0.0028366705931045792,0.07506818324327469
clustering,0,0.9514082220992812,0.7733237909812891,0.7141877769625218,0.02461172103266136,0.02044922485947609,0.0042996109153080565,0.07506818324327469
pagerank,0,0.950989073485642,0.7755591230806291,0.7107116866585099,0.024506669327536444,0.020439298823475838,0.001700557237459262,0.07506818324327469
infected_now,0,0.5908243342053545,0.10103931471048536,0.5811086887270493,0.016151840612878055,0.06934785842895508,0.0035983778786083513,0.07506818324327469
none (all features),1,0.9507262374966613,0.7857271589362335,0.7083938724580792,0.02679803214071152,0.02066042274236679,0.002736570400185883,0.0760568156838417
degree,1,0.9507462269212305,0.7846520514938821,0.7086736452566349,0.026356536343286257,0.020664775744080544,0.0020248516348444602,0.0760568156838417
clustering,1,0.9510775215886842,0.7857920922609096,0.7108062092675406,0.026912635235513512,0.020668143406510353,0.00396092863120562,0.0760568156838417
pagerank,1,0.9506758201545775,0.7821977803417248,0.7083996267216743,0.02630218873398945,0.020671378821134567,0.003530298331625421,0.0760568156838417
infected_now,1,0.6301484806849318,0.12578270748689369,0.6456624486658125,0.02265125185877092,0.06930199265480042,0.006656957690180702,0.0760568156838417
none (all features),2,0.9490591017675601,0.774358397448426,0.7039969655019969,0.024829471343698662,0.019345642998814583,0.0033632109823784877,0.06988636404275894
degree,2,0.9482854249544328,0.7751289544286046,0.6988238543389491,0.024351785074859987,0.019345136359333992,0.0030291729774220254,0.06988636404275894
clustering,2,0.948726275012292,0.7751447424871349,0.7017468845237123,0.024683702011956417,0.019347164779901505,0.003200676142111082,0.06988636404275894
pagerank,2,0.9487868319501764,0.7750430862972986,0.7020576880489995,0.024417415991375084,0.01933608204126358,0.0022580255041406913,0.06988636404275894
infected_now,2,0.6119807828121042,0.10251030480358853,0.6000776716686133,0.017711072341302786,0.06437093764543533,0.00607904172396626,0.06988636404275894
