run,t,susceptible,exposed,infectious,recovered
0,0,780,0,20,0
0,1,774,6,20,0
0,2,772,7,21,0
0,3,771,7,21,1
0,4,764,11,24,1
0,5,761,11,22,6
0,6,751,18,21,10
0,7,743,19,26,12
0,8,733,24,28,15
0,9,725,25,29,21
0,10,715,30,33,22
0,11,704,31,39,26
0,12,692,33,45,30
0,13,682,36,47,35
0,14,673,29,57,41
0,15,662,29,59,50
0,16,639,41,59,61
0,17,626,43,65,66
0,18,616,45,68,71
0,19,606,41,77,76
0,20,591,42,84,83
0,21,575,41,85,99
0,22,554,52,91,103
0,23,540,53,86,121
0,24,524,56,89,131
0,25,507,53,93,147
0,26,497,44,99,160
0,27,482,47,104,167
0,28,472,38,108,182
0,29,458,33,113,196
0,30,441,42,109,208
0,31,427,37,109,227
0,32,417,37,105,241
0,33,403,44,89,264
0,34,397,39,84,280
0,35,390,38,80,292
0,36,379,35,82,304
0,37,372,28,87,313
0,38,362,29,81,328
0,39,351,27,80,342
0,40,348,26,69,357
0,41,340,24,66,370
0,42,331,31,62,376
0,43,331,24,59,386
0,44,325,20,57,398
0,45,318,20,54,408
0,46,312,20,51,417
0,47,306,18,54,422
0,48,303,17,41,439
0,49,297,15,43,445
0,50,293,13,45,449
0,51,292,9,45,454
0,52,288,10,40,462
0,53,284,12,32,472
0,54,282,9,30,479
0,55,280,6,34,480
0,56,279,2,35,484
0,57,276,5,31,488
0,58,274,7,22,497
0,59,273,7,16,504
1,0,780,0,20,0
1,1,774,6,20,0
1,2,769,9,22,0
1,3,766,8,25,1
1,4,756,17,26,1
1,5,750,17,29,4
1,6,739,23,34,4
1,7,729,28,31,12
1,8,720,32,32,16
1,9,716,26,34,24
1,10,707,27,36,30
1,11,694,28,42,36
1,12,677,37,44,42
1,13,663,41,45,51
1,14,650,40,56,54
1,15,636,43,63,58
1,16,618,51,64,67
1,17,601,49,74,76
1,18,588,50,72,90
1,19,572,51,77,100
1,20,565,41,88,106
1,21,551,35,99,115
1,22,534,43,92,131
1,23,525,38,96,141
1,24,508,42,90,160
1,25,495,41,88,176
1,26,482,43,90,185
1,27,475,31,94,200
1,28,462,36,89,213
1,29,454,34,89,223
1,30,440,40,79,241
1,31,428,45,78,249
1,32,422,43,76,259
1,33,413,39,75,273
1,34,405,37,74,284
1,35,397,28,78,297
1,36,391,21,79,309
1,37,380,20,77,323
1,38,372,23,74,331
1,39,368,25,63,344
1,40,361,24,63,352
1,41,354,23,65,358
1,42,343,29,52,376
1,43,339,25,55,381
1,44,334,21,53,392
1,45,328,20,51,401
1,46,324,17,51,408
1,47,321,15,50,414
1,48,319,14,48,419
1,49,313,15,44,428
1,50,308,17,38,437
1,51,306,14,39,441
1,52,305,9,40,446
1,53,304,7,39,450
1,54,297,11,33,459
1,55,293,13,28,466
1,56,295,10,27,468
1,57,294,8,26,472
1,58,289,7,29,475
1,59,289,3,28,480
2,0,780,0,20,0
2,1,775,5,20,0
2,2,772,7,21,0
2,3,768,9,20,3
2,4,767,8,22,3
2,5,758,14,23,5
2,6,748,22,19,11
2,7,740,26,19,15
2,8,738,18,26,18
2,9,733,15,32,20
2,10,723,18,38,21
2,11,705,33,40,22
2,12,698,28,46,28
2,13,685,37,44,34
2,14,676,34,52,38
2,15,661,35,60,44
2,16,642,41,64,53
2,17,632,36,74,58
2,18,618,34,87,61
2,19,604,39,86,71
2,20,589,41,83,87
2,21,574,42,89,95
2,22,556,44,95,105
2,23,544,39,98,119
2,24,529,44,93,134
2,25,506,50,96,148
2,26,482,61,96,161
2,27,471,53,104,172
2,28,454,54,107,185
2,29,443,48,113,196
2,30,428,51,107,214
2,31,417,45,108,230
2,32,397,54,100,249
2,33,386,42,107,265
2,34,374,43,104,279
2,35,362,44,103,291
2,36,347,37,109,307
2,37,341,35,102,322
2,38,330,32,104,334
2,39,320,30,101,349
2,40,314,25,91,370
2,41,306,23,82,389
2,42,297,22,78,403
2,43,292,21,71,416
2,44,287,19,67,427
2,45,280,20,63,437
2,46,274,21,57,448
2,47,273,11,57,459
2,48,269,12,49,470
2,49,266,11,41,482
2,50,264,11,35,490
2,51,261,11,34,494
2,52,256,12,34,498
2,53,254,10,31,505
2,54,248,13,26,513
2,55,248,12,23,517
2,56,245,9,24,522
2,57,241,9,24,526
2,58,241,7,23,529
2,59,239,6,23,532
3,0,780,0,20,0
3,1,777,3,20,0
3,2,768,11,20,1
3,3,765,13,21,1
3,4,758,16,24,2
3,5,754,14,26,6
3,6,739,26,26,9
3,7,736,20,30,14
3,8,730,21,31,18
3,9,725,14,36,25
3,10,718,16,36,30
3,11,701,32,34,33
3,12,691,32,40,37
3,13,682,27,49,42
3,14,672,26,54,48
3,15,658,31,59,52
3,16,646,35,55,64
3,17,629,40,62,69
3,18,614,38,72,76
3,19,597,44,74,85
3,20,583,48,72,97
3,21,573,45,78,104
3,22,565,38,84,113
3,23,549,38,91,122
3,24,536,40,90,134
3,25,523,42,93,142
3,26,512,40,94,154
3,27,499,40,89,172
3,28,486,36,93,185
3,29,477,37,86,200
3,30,469,33,83,215
3,31,456,34,84,226
3,32,446,28,82,244
3,33,439,25,80,256
3,34,422,40,68,270
3,35,409,42,66,283
3,36,402,33,74,291
3,37,396,30,77,297
3,38,395,22,73,310
3,39,386,22,71,321
3,40,378,22,67,333
3,41,373,20,58,349
3,42,366,21,56,357
3,43,361,20,54,365
3,44,357,18,53,372
3,45,348,21,49,382
3,46,345,14,51,390
3,47,340,14,52,394
3,48,335,14,52,399
3,49,331,15,49,405
3,50,327,16,40,417
3,51,324,17,34,425
3,52,322,13,34,431
3,53,318,11,33,438
3,54,310,15,32,443
3,55,307,15,29,449
3,56,303,11,34,452
3,57,299,11,32,458
3,58,298,9,31,462
3,59,296,7,30,467
4,0,780,0,20,0
4,1,777,3,20,0
4,2,772,8,20,0
4,3,767,11,19,3
4,4,763,13,19,5
4,5,757,16,19,8
4,6,742,29,17,12
4,7,732,33,20,15
4,8,722,37,25,16
4,9,718,31,32,19
4,10,710,28,37,25
4,11,699,31,44,26
4,12,688,30,52,30
4,13,680,31,54,35
4,14,671,27,61,41
4,15,664,23,62,51
4,16,648,29,66,57
4,17,640,30,62,68
4,18,627,34,63,76
4,19,615,35,66,84
4,20,601,37,68,94
4,21,591,35,73,101
4,22,582,31,77,110
4,23,568,34,79,119
4,24,556,38,74,132
4,25,544,40,69,147
4,26,537,33,75,155
4,27,521,40,72,167
4,28,513,32,75,180
4,29,501,35,77,187
4,30,498,25,82,195
4,31,491,21,78,210
4,32,478,25,74,223
4,33,470,23,69,238
4,34,460,24,68,248
4,35,450,23,71,256
4,36,442,29,66,263
4,37,436,25,62,277
4,38,426,27,60,287
4,39,421,20,62,297
4,40,419,12,65,304
4,41,409,20,54,317
4,42,404,17,53,326
4,43,401,17,46,336
4,44,398,15,45,342
4,45,392,17,41,350
4,46,387,14,41,358
4,47,384,12,39,365
4,48,381,12,37,370
4,49,374,14,36,376
4,50,370,16,33,381
4,51,364,17,33,386
4,52,361,13,33,393
4,53,353,16,33,398
4,54,349,14,36,401
4,55,345,10,39,406
4,56,342,11,34,413
4,57,340,10,35,415
4,58,336,10,38,416
4,59,332,11,37,420
5,0,780,0,20,0
5,1,775,5,20,0
5,2,773,6,20,1
5,3,762,15,21,2
5,4,754,19,22,5
5,5,747,19,25,9
5,6,743,15,30,12
5,7,729,21,36,14
5,8,719,26,34,21
5,9,706,35,37,22
5,10,697,35,39,29
5,11,685,34,47,34
5,12,675,35,52,38
5,13,663,36,58,43
5,14,658,28,66,48
5,15,642,31,69,58
5,16,630,33,74,63
5,17,619,34,77,70
5,18,601,37,79,83
5,19,587,43,75,95
5,20,576,43,76,105
5,21,563,46,74,117
5,22,552,44,82,122
5,23,544,39,78,139
5,24,536,27,87,150
5,25,526,30,79,165
5,26,510,34,78,178
5,27,502,32,75,191
5,28,488,37,77,198
5,29,477,38,74,211
5,30,470,31,79,220
5,31,460,33,79,228
5,32,442,35,76,247
5,33,436,30,81,253
5,34,429,27,80,264
5,35,417,30,73,280
5,36,407,32,70,291
5,37,397,27,75,301
5,38,387,31,71,311
5,39,382,26,68,324
5,40,374,23,69,334
5,41,367,24,64,345
5,42,357,29,64,350
5,43,356,21,63,360
5,44,348,23,61,368
5,45,340,18,60,382
5,46,333,21,52,394
5,47,327,14,58,401
5,48,321,14,58,407
5,49,316,15,53,416
5,50,313,13,50,424
5,51,307,14,48,431
5,52,304,12,45,439
5,53,302,12,38,448
5,54,299,8,38,455
5,55,294,10,35,461
5,56,289,14,27,470
5,57,288,14,23,475
5,58,287,8,23,482
5,59,282,10,24,484
6,0,780,0,20,0
6,1,774,6,20,0
6,2,771,9,19,1
6,3,766,14,18,2
6,4,764,10,22,4
6,5,755,13,25,7
6,6,749,15,25,11
6,7,742,18,27,13
6,8,733,26,24,17
6,9,728,24,26,22
6,10,720,25,30,25
6,11,715,22,35,28
6,12,698,31,40,31
6,13,691,31,44,34
6,14,678,32,46,44
6,15,673,32,49,46
6,16,661,30,57,52
6,17,647,38,55,60
6,18,632,38,66,64
6,19,620,41,64,75
6,20,609,42,61,88
6,21,599,36,68,97
6,22,587,35,73,105
6,23,572,35,78,115
6,24,562,37,73,128
6,25,552,35,77,136
6,26,539,41,75,145
6,27,527,42,77,154
6,28,513,41,74,172
6,29,498,38,83,181
6,30,482,41,85,192
6,31,471,36,92,201
6,32,461,34,89,216
6,33,449,37,80,234
6,34,438,40,75,247
6,35,425,41,79,255
6,36,414,41,81,264
6,37,406,38,77,279
6,38,391,36,83,290
6,39,382,31,81,306
6,40,373,26,85,316
6,41,369,18,83,330
6,42,367,14,76,343
6,43,357,15,73,355
6,44,350,19,67,364
6,45,346,17,61,376
6,46,341,21,47,391
6,47,339,13,49,399
6,48,335,14,44,407
6,49,328,17,42,413
6,50,325,13,37,425
6,51,321,15,33,431
6,52,316,14,33,437
6,53,313,13,33,441
6,54,313,5,32,450
6,55,312,3,29,456
6,56,308,5,24,463
6,57,305,9,21,465
6,58,303,9,20,468
6,59,302,8,23,467
7,0,780,0,20,0
7,1,771,9,20,0
7,2,766,14,19,1
7,3,766,11,19,4
7,4,764,8,23,5
7,5,758,12,23,7
7,6,752,17,21,10
7,7,745,21,21,13
7,8,741,17,24,18
7,9,735,16,28,21
7,10,725,20,34,21
7,11,713,26,35,26
7,12,700,35,36,29
7,13,695,31,40,34
7,14,687,29,46,38
7,15,677,31,50,42
7,16,667,29,57,47
7,17,654,32,59,55
7,18,639,38,58,65
7,19,623,43,60,74
7,20,608,46,66,80
7,21,589,53,69,89
7,22,579,54,69,98
7,23,568,46,79,107
7,24,549,50,81,120
7,25,536,45,92,127
7,26,518,49,94,139
7,27,502,50,99,149
7,28,484,48,105,163
7,29,471,51,101,177
7,30,455,53,101,191
7,31,443,49,96,212
7,32,428,44,104,224
7,33,417,44,104,235
7,34,404,44,96,256
7,35,393,40,97,270
7,36,381,36,101,282
7,37,368,40,93,299
7,38,361,30,97,312
7,39,351,33,91,325
7,40,342,28,92,338
7,41,331,26,85,358
7,42,326,24,84,366
7,43,317,25,76,382
7,44,308,25,73,394
7,45,303,22,70,405
7,46,297,22,64,417
7,47,289,22,63,426
7,48,284,22,56,438
7,49,278,23,52,447
7,50,273,25,45,457
7,51,271,22,41,466
7,52,268,15,46,471
7,53,264,11,45,480
7,54,257,12,40,491
7,55,253,13,37,497
7,56,253,12,32,503
7,57,250,13,27,510
7,58,250,9,28,513
7,59,244,10,27,519
8,0,780,0,20,0
8,1,774,6,19,1
8,2,765,13,21,1
8,3,756,16,27,1
8,4,748,19,30,3
8,5,737,25,30,8
8,6,725,28,35,12
8,7,717,26,41,16
8,8,706,29,43,22
8,9,682,45,47,26
8,10,672,37,58,33
8,11,661,33,67,39
8,12,644,44,67,45
8,13,623,49,77,51
8,14,615,48,80,57
8,15,590,57,87,66
8,16,575,56,88,81
8,17,553,64,95,88
8,18,541,51,106,102
8,19,532,42,109,117
8,20,514,44,106,136
8,21,499,45,108,148
8,22,486,45,108,161
8,23,464,52,105,179
8,24,451,51,104,194
8,25,441,42,106,211
8,26,431,37,104,228
8,27,416,37,108,239
8,28,402,38,103,257
8,29,396,35,97,272
8,30,390,27,97,286
8,31,380,31,92,297
8,32,371,33,77,319
8,33,364,30,77,329
8,34,356,21,81,342
8,35,347,23,76,354
8,36,338,23,73,366
8,37,334,20,71,375
8,38,325,23,63,389
8,39,319,27,52,402
8,40,318,19,51,412
8,41,315,19,47,419
8,42,309,18,47,426
8,43,307,17,40,436
8,44,304,15,39,442
8,45,301,13,38,448
8,46,299,10,36,455
8,47,295,10,35,460
8,48,291,12,35,462
8,49,287,14,33,466
8,50,283,14,32,471
8,51,280,16,25,479
8,52,280,16,20,484
8,53,281,11,22,486
8,54,280,5,25,490
8,55,276,8,24,492
8,56,274,8,23,495
8,57,272,8,23,497
8,58,269,9,19,503
8,59,268,6,17,509
9,0,780,0,20,0
9,1,778,2,20,0
9,2,775,4,21,0
9,3,769,10,18,3
9,4,766,11,18,5
9,5,761,11,20,8
9,6,753,16,22,9
9,7,741,22,24,13
9,8,727,30,25,18
9,9,717,33,30,20
9,10,706,37,33,24
9,11,698,30,46,26
9,12,683,32,53,32
9,13,670,34,57,39
9,14,655,38,66,41
9,15,641,41,70,48
9,16,628,43,70,59
9,17,615,41,74,70
9,18,603,46,72,79
9,19,590,38,83,89
9,20,576,37,86,101
9,21,554,42,91,113
9,22,540,48,83,129
9,23,531,39,93,137
9,24,520,39,93,148
9,25,499,45,95,161
9,26,485,50,88,177
9,27,469,50,88,193
9,28,454,50,92,204
9,29,444,39,98,219
9,30,436,34,99,231
9,31,430,24,99,247
9,32,415,29,93,263
9,33,402,33,92,273
9,34,392,32,92,284
9,35,376,41,84,299
9,36,371,32,86,311
9,37,362,32,79,327
9,38,356,26,79,339
9,39,353,20,79,348
9,40,346,20,72,362
9,41,339,18,72,371
9,42,330,20,70,380
9,43,320,24,61,395
9,44,316,20,59,405
9,45,311,19,53,417
9,46,308,17,51,424
9,47,303,20,45,432
9,48,300,17,45,438
9,49,291,22,43,444
9,50,288,21,38,453
9,51,284,18,43,455
9,52,279,16,40,465
9,53,279,14,37,470
9,54,277,12,39,472
9,55,274,7,40,479
9,56,272,8,36,484
9,57,269,7,33,491
9,58,267,7,28,498
9,59,262,9,27,502
10,0,780,0,20,0
10,1,775,5,19,1
10,2,770,9,19,2
10,3,765,10,22,3
10,4,760,13,22,5
10,5,752,15,25,8
10,6,747,18,25,10
10,7,736,27,24,13
10,8,729,24,30,17
10,9,721,26,32,21
10,10,717,20,40,23
10,11,703,26,44,27
10,12,695,24,50,31
10,13,676,39,46,39
10,14,663,43,48,46
10,15,652,41,50,57
10,16,639,47,52,62
10,17,629,44,60,67
10,18,613,44,71,72
10,19,606,38,65,91
10,20,594,36,75,95
10,21,580,35,78,107
10,22,565,40,80,115
10,23,554,37,81,128
10,24,544,40,78,138
10,25,533,36,82,149
10,26,525,33,80,162
10,27,510,40,76,174
10,28,502,34,77,187
10,29,486,40,78,196
10,30,476,40,81,203
10,31,465,40,81,214
10,32,459,35,81,225
10,33,448,37,78,237
10,34,438,31,79,252
10,35,424,33,84,259
10,36,415,27,85,273
10,37,411,22,79,288
10,38,404,20,79,297
10,39,391,25,76,308
10,40,382,22,79,317
10,41,375,22,76,327
10,42,371,18,73,338
10,43,365,20,66,349
10,44,357,19,61,363
10,45,351,22,56,371
10,46,347,17,52,384
10,47,341,17,45,397
10,48,332,18,42,408
10,49,329,16,45,410
10,50,325,13,46,416
10,51,318,15,46,421
10,52,314,14,39,433
10,53,311,13,38,438
10,54,309,9,40,442
10,55,301,14,38,447
10,56,300,11,34,455
10,57,297,10,34,459
10,58,293,9,34,464
10,59,292,6,30,472
11,0,780,0,20,0
11,1,768,12,19,1
11,2,759,18,22,1
11,3,750,23,26,1
11,4,746,18,31,5
11,5,739,18,30,13
11,6,735,18,29,18
11,7,724,22,34,20
11,8,713,25,41,21
11,9,706,25,42,27
11,10,699,26,43,32
11,11,687,28,47,38
11,12,675,31,47,47
11,13,668,32,50,50
11,14,656,32,55,57
11,15,647,32,59,62
11,16,635,26,68,71
11,17,619,35,69,77
11,18,598,43,72,87
11,19,585,44,69,102
11,20,572,45,72,111
11,21,559,46,78,117
11,22,547,46,83,124
11,23,536,46,80,138
11,24,524,44,84,148
11,25,511,41,88,160
11,26,493,47,85,175
11,27,483,41,91,185
11,28,471,37,102,190
11,29,458,35,100,207
11,30,444,34,100,222
11,31,432,33,102,233
11,32,417,38,100,245
11,33,408,38,91,263
11,34,392,37,86,285
11,35,389,29,83,299
11,36,380,26,82,312
11,37,374,26,72,328
11,38,370,23,62,345
11,39,361,26,56,357
11,40,355,21,52,372
11,41,351,21,54,374
11,42,350,18,46,386
11,43,346,12,46,396
11,44,344,10,42,404
11,45,342,7,43,408
11,46,336,11,39,414
11,47,333,11,35,421
11,48,330,12,32,426
11,49,328,11,27,434
11,50,326,9,27,438
11,51,325,8,25,442
11,52,325,5,22,448
11,53,323,4,21,452
11,54,321,5,19,455
11,55,313,12,16,459
11,56,311,13,13,463
11,57,311,6,19,464
11,58,309,7,19,465
11,59,308,7,15,470
12,0,780,0,20,0
12,1,774,6,20,0
12,2,767,11,21,1
12,3,761,14,23,2
12,4,757,13,27,3
12,5,752,12,31,5
12,6,747,12,27,14
12,7,743,14,25,18
12,8,735,18,22,25
12,9,731,16,26,27
12,10,724,16,31,29
12,11,715,19,32,34
12,12,709,17,38,36
12,13,700,21,38,41
12,14,692,25,37,46
12,15,684,26,37,53
12,16,668,37,34,61
12,17,661,30,44,65
12,18,651,30,49,70
12,19,643,26,54,77
12,20,631,29,57,83
12,21,622,33,55,90
12,22,612,28,64,96
12,23,604,26,61,109
12,24,589,32,62,117
12,25,576,36,64,124
12,26,569,27,71,133
12,27,562,24,74,140
12,28,551,24,79,146
12,29,534,35,73,158
12,30,517,39,70,174
12,31,508,39,72,181
12,32,500,35,71,194
12,33,491,33,73,203
12,34,478,33,75,214
12,35,462,40,72,226
12,36,454,36,76,234
12,37,452,30,73,245
12,38,444,26,76,254
12,39,431,33,74,262
12,40,423,36,69,272
12,41,408,35,70,287
12,42,400,30,70,300
12,43,388,33,65,314
12,44,378,36,65,321
12,45,370,33,64,333
12,46,365,26,64,345
12,47,359,25,59,357
12,48,351,19,69,361
12,49,347,20,60,373
12,50,343,16,60,381
12,51,339,20,51,390
12,52,335,20,44,401
12,53,327,23,42,408
12,54,323,21,42,414
12,55,320,17,43,420
12,56,317,13,40,430
12,57,315,10,39,436
12,58,312,11,38,439
12,59,307,12,39,442
13,0,780,0,20,0
13,1,772,8,20,0
13,2,766,14,20,0
13,3,760,18,20,2
13,4,758,16,22,4
13,5,752,11,31,6
13,6,742,16,34,8
13,7,725,32,32,11
13,8,717,36,32,15
13,9,702,39,41,18
13,10,689,40,47,24
13,11,670,42,56,32
13,12,657,36,71,36
13,13,634,46,79,41
13,14,616,50,81,53
13,15,602,49,82,67
13,16,588,53,82,77
13,17,578,41,92,89
13,18,564,44,88,104
13,19,550,40,95,115
13,20,530,46,92,132
13,21,522,43,89,146
13,22,503,53,84,160
13,23,490,50,88,172
13,24,481,44,90,185
13,25,476,35,89,200
13,26,462,32,99,207
13,27,441,41,96,222
13,28,438,31,96,235
13,29,425,36,88,251
13,30,412,40,77,271
13,31,406,37,79,278
13,32,395,31,83,291
13,33,390,30,78,302
13,34,385,26,73,316
13,35,376,26,74,324
13,36,369,24,71,336
13,37,360,26,60,354
13,38,357,21,65,357
13,39,350,22,61,367
13,40,344,25,54,377
13,41,340,18,53,389
13,42,334,18,52,396
13,43,327,18,55,400
13,44,325,18,49,408
13,45,320,15,45,420
13,46,318,10,42,430
13,47,314,14,40,432
13,48,310,16,35,439
13,49,310,10,34,446
13,50,307,6,37,450
13,51,302,10,26,462
13,52,299,9,30,462
13,53,294,11,27,468
13,54,294,6,28,472
13,55,291,8,25,476
13,56,292,5,22,481
13,57,290,5,21,484
13,58,290,5,20,485
13,59,289,3,17,491
14,0,780,0,20,0
14,1,773,7,20,0
14,2,760,17,19,4
14,3,754,20,21,5
14,4,746,25,22,7
14,5,740,23,28,9
14,6,736,21,32,11
14,7,729,19,39,13
14,8,718,25,36,21
14,9,710,26,43,21
14,10,699,26,47,28
14,11,692,22,54,32
14,12,682,29,54,35
14,13,672,29,54,45
14,14,662,31,55,52
14,15,646,39,51,64
14,16,633,39,61,67
14,17,618,45,59,78
14,18,604,41,67,88
14,19,590,39,72,99
14,20,573,44,79,104
14,21,558,49,79,114
14,22,543,48,84,125
14,23,529,48,88,135
14,24,516,47,88,149
14,25,500,51,91,158
14,26,486,52,91,171
14,27,475,47,92,186
14,28,462,44,95,199
14,29,451,44,97,208
14,30,442,43,98,217
14,31,430,44,93,233
14,32,419,35,100,246
14,33,407,36,95,262
14,34,391,37,97,275
14,35,383,28,100,289
14,36,372,34,89,305
14,37,368,29,85,318
14,38,359,26,88,327
14,39,349,27,82,342
14,40,345,22,76,357
14,41,336,24,69,371
14,42,331,21,66,382
14,43,326,15,66,393
14,44,322,13,61,404
14,45,323,8,61,408
14,46,319,10,50,421
14,47,313,11,45,431
14,48,310,12,39,439
14,49,307,9,34,450
14,50,306,6,34,454
14,51,302,8,32,458
14,52,300,8,32,460
14,53,295,11,30,464
14,54,292,10,26,472
14,55,292,7,26,475
14,56,289,7,26,478
14,57,286,7,21,486
14,58,285,8,18,489
14,59,282,10,16,492
15,0,780,0,20,0
15,1,774,6,20,0
15,2,761,18,21,0
15,3,754,19,26,1
15,4,750,13,35,2
15,5,743,18,34,5
15,6,722,37,30,11
15,7,712,38,35,15
15,8,702,37,40,21
15,9,696,26,54,24
15,10,674,41,55,30
15,11,666,35,65,34
15,12,648,42,69,41
15,13,638,39,73,50
15,14,626,40,80,54
15,15,608,53,74,65
15,16,592,53,81,74
15,17,571,58,87,84
15,18,560,51,93,96
15,19,542,55,91,112
15,20,527,49,101,123
15,21,510,52,99,139
15,22,498,45,100,157
15,23,487,47,98,168
15,24,474,42,101,183
15,25,463,38,104,195
15,26,446,37,106,211
15,27,425,47,98,230
15,28,411,53,98,238
15,29,395,55,94,256
15,30,388,48,97,267
15,31,379,42,94,285
15,32,371,31,90,308
15,33,358,29,91,322
15,34,349,30,90,331
15,35,345,28,87,340
15,36,333,33,78,356
15,37,331,22,82,365
15,38,322,20,80,378
15,39,313,23,67,397
15,40,308,22,63,407
15,41,303,23,60,414
15,42,300,20,50,430
15,43,296,17,47,440
15,44,290,15,50,445
15,45,286,17,41,456
15,46,284,15,40,461
15,47,278,16,39,467
15,48,276,14,38,472
15,49,272,15,35,478
15,50,270,11,32,487
15,51,267,13,27,493
15,52,265,9,29,497
15,53,264,8,25,503
15,54,260,8,26,506
15,55,258,7,26,509
15,56,257,5,30,508
15,57,256,5,29,510
15,58,253,8,20,519
15,59,253,4,17,526
16,0,780,0,20,0
16,1,774,6,20,0
16,2,770,9,21,0
16,3,767,11,20,2
16,4,765,9,23,3
16,5,760,11,23,6
16,6,757,13,22,8
16,7,753,13,19,15
16,8,750,12,21,17
16,9,741,19,19,21
16,10,736,16,25,23
16,11,732,17,25,26
16,12,722,25,24,29
16,13,714,25,29,32
16,14,707,24,31,38
16,15,700,26,35,39
16,16,690,30,39,41
16,17,683,27,46,44
16,18,671,28,54,47
16,19,657,32,58,53
16,20,647,32,58,63
16,21,630,36,67,67
16,22,616,41,72,71
16,23,603,41,75,81
16,24,586,45,76,93
16,25,570,42,82,106
16,26,558,40,86,116
16,27,547,34,90,129
16,28,527,41,94,138
16,29,499,57,93,151
16,30,484,55,98,163
16,31,473,50,104,173
16,32,460,46,108,186
16,33,443,45,103,209
16,34,430,42,109,219
16,35,422,32,117,229
16,36,410,36,106,248
16,37,399,33,104,264
16,38,390,40,91,279
16,39,371,46,85,298
16,40,365,40,82,313
16,41,352,31,89,328
16,42,347,25,85,343
16,43,340,26,80,354
16,44,330,29,74,367
16,45,326,28,69,377
16,46,314,29,71,386
16,47,308,31,64,397
16,48,303,23,61,413
16,49,297,22,60,421
16,50,292,15,68,425
16,51,286,16,63,435
16,52,283,16,60,441
16,53,276,16,54,454
16,54,272,14,47,467
16,55,265,16,49,470
16,56,261,16,44,479
16,57,258,13,43,486
16,58,254,13,38,495
16,59,250,12,36,502
17,0,780,0,20,0
17,1,774,6,20,0
17,2,767,12,19,2
17,3,762,16,20,2
17,4,759,12,23,6
17,5,750,18,25,7
17,6,744,21,24,11
17,7,741,19,24,16
17,8,734,17,29,20
17,9,732,13,30,25
17,10,723,18,29,30
17,11,714,23,30,33
17,12,706,25,35,34
17,13,698,27,39,36
17,14,689,25,43,43
17,15,680,22,49,49
17,16,668,29,50,53
17,17,658,28,53,61
17,18,652,27,53,68
17,19,644,23,62,71
17,20,638,20,60,82
17,21,628,25,58,89
17,22,624,17,57,102
17,23,615,21,54,110
17,24,604,24,53,119
17,25,590,31,49,130
17,26,583,27,52,138
17,27,573,29,53,145
17,28,558,34,58,150
17,29,547,32,68,153
17,30,540,31,68,161
17,31,528,34,67,171
17,32,517,34,71,178
17,33,496,44,67,193
17,34,485,45,61,209
17,35,475,39,75,211
17,36,468,29,86,217
17,37,460,28,82,230
17,38,443,36,78,243
17,39,434,37,75,254
17,40,425,31,79,265
17,41,413,34,75,278
17,42,402,31,81,286
17,43,393,31,82,294
17,44,378,32,80,310
17,45,370,26,83,321
17,46,363,23,84,330
17,47,355,27,78,340
17,48,346,27,72,355
17,49,341,24,68,367
17,50,335,24,63,378
17,51,329,23,59,389
17,52,327,16,53,404
17,53,322,12,53,413
17,54,315,11,54,420
17,55,312,10,51,427
17,56,308,10,46,436
17,57,305,12,37,446
17,58,304,9,34,453
17,59,303,7,32,458
18,0,780,0,20,0
18,1,776,4,20,0
18,2,768,10,21,1
18,3,765,11,23,1
18,4,762,13,21,4
18,5,757,15,22,6
18,6,754,16,16,14
18,7,749,16,17,18
18,8,741,20,20,19
18,9,728,25,22,25
18,10,724,21,26,29
18,11,713,24,32,31
18,12,701,32,32,35
18,13,699,25,38,38
18,14,688,24,46,42
18,15,678,27,49,46
18,16,664,32,53,51
18,17,650,35,62,53
18,18,634,41,62,63
18,19,624,34,69,73
18,20,607,45,67,81
18,21,597,41,70,92
18,22,587,37,76,100
18,23,575,41,79,105
18,24,565,37,82,116
18,25,550,38,86,126
18,26,529,49,86,136
18,27,515,48,88,149
18,28,501,45,87,167
18,29,487,43,89,181
18,30,470,48,88,194
18,31,462,38,91,209
18,32,453,34,94,219
18,33,442,28,101,229
18,34,432,28,91,249
18,35,426,24,91,259
18,36,413,32,82,273
18,37,396,39,76,289
18,38,388,34,68,310
18,39,385,27,68,320
18,40,379,29,66,326
18,41,371,31,56,342
18,42,364,33,51,352
18,43,356,27,55,362
18,44,352,19,60,369
18,45,346,18,60,376
18,46,337,19,55,389
18,47,334,17,56,393
18,48,328,18,54,400
18,49,324,15,55,406
18,50,319,17,50,414
18,51,313,19,45,423
18,52,311,10,49,430
18,53,306,10,46,438
18,54,301,13,41,445
18,55,301,12,34,453
18,56,298,8,37,457
18,57,296,8,36,460
18,58,294,9,31,466
18,59,291,9,30,470
19,0,780,0,20,0
19,1,776,4,20,0
19,2,772,7,20,1
19,3,766,10,22,2
19,4,762,12,23,3
19,5,750,21,26,3
19,6,747,22,26,5
19,7,741,18,34,7
19,8,729,23,36,12
19,9,722,21,42,15
19,10,713,23,46,18
19,11,703,31,44,22
19,12,692,29,47,32
19,13,679,32,54,35
19,14,662,38,59,41
19,15,650,43,57,50
19,16,631,51,54,64
19,17,623,46,60,71
19,18,617,30,79,74
19,19,605,35,78,82
19,20,595,29,85,91
19,21,576,37,89,98
19,22,562,40,85,113
19,23,553,38,78,131
19,24,543,38,81,138
19,25,529,38,79,154
19,26,517,35,82,166
19,27,500,45,79,176
19,28,489,45,79,187
19,29,477,43,78,202
19,30,470,36,79,215
19,31,459,34,81,226
19,32,446,38,77,239
19,33,439,38,74,249
19,34,433,20,83,264
19,35,421,28,72,279
19,36,414,25,70,291
19,37,408,21,70,301
19,38,403,16,71,310
19,39,393,20,67,320
19,40,381,28,63,328
19,41,374,26,66,334
19,42,370,20,60,350
19,43,363,20,60,357
19,44,357,15,64,364
19,45,354,13,61,372
19,46,348,16,55,381
19,47,343,16,45,396
19,48,340,14,41,405
19,49,329,17,44,410
19,50,325,17,40,418
19,51,322,18,30,430
19,52,318,15,33,434
19,53,315,13,34,438
19,54,312,9,38,441
19,55,308,12,29,451
19,56,305,10,30,455
19,57,301,11,26,462
19,58,301,9,25,465
19,59,301,4,26,469
