model,kind,seed,auc,ap,auc_new,ap_new,brier,ece,prevalence,epochs,temperature,ece_temp_scaled
Persistence,baseline,0,0.9201649227693364,0.7367982133944863,0.5,0.011979947411102646,0.02225,0.022249999719735403,0.07506818324327469,,,
Exposure (true β),baseline,0,0.9480971058565768,0.7603286214385164,0.691564822901829,0.023977692121927956,0.022660624235868454,0.019945458804617046,0.07506818324327469,,,
MLP,static,0,0.9210549441572485,0.7584562591731985,0.5048894063160768,0.011741997578266456,0.020456042140722275,0.0008453902606852352,0.07506818324327469,16.0,1.0437278106382346,0.001965334631989456
GCN,static,0,0.9435283838291253,0.7242348886054663,0.6858727518144763,0.023660925430055886,0.030722858384251595,0.01235979647941845,0.07506818324327469,20.0,0.9151771135775661,0.007737508769147099
GraphSAGE,static,0,0.95097943779982,0.7728967120616014,0.7111592462952352,0.024623923434088434,0.02043665014207363,0.001754994685634632,0.07506818324327469,20.0,1.0089198902542391,0.0015130417387064716
GAT,static,0,0.9479065402229607,0.755067557302173,0.6945093619988846,0.02277346154713021,0.023214438930153847,0.003494778109714389,0.07506818324327469,20.0,1.0129972196081485,0.002781562848450531
GraphTransformer,static,0,0.9510130985366844,0.7761340868355918,0.7109404154106993,0.024507151792687462,0.02046271227300167,0.0037542107012122875,0.07506818324327469,9.0,1.0567774594258879,0.002501137175935913
GCN-GRU,temporal,0,0.944294212553045,0.7494050456769498,0.6799147074213919,0.02265390082105074,0.029118463397026062,0.019535222680138593,0.07506818324327469,20.0,0.8248073110093725,0.006733967119658535
Transformer-GRU,temporal,0,0.967818079605621,0.8501160753494172,0.8114372475509634,0.03745275067869845,0.019523922353982925,0.0031637494338210667,0.07506818324327469,14.0,1.0195589119261332,0.0026716157150010324
Persistence,baseline,1,0.9198732424243778,0.7370543647423267,0.5,0.012188372464855424,0.022522727272727274,0.022522727569893257,0.0760568156838417,,,
Exposure (true β),baseline,1,0.9480542782375121,0.7607059653209436,0.6926770500217381,0.024483101575667406,0.02287575788795948,0.020005471444350074,0.0760568156838417,,,
MLP,static,1,0.9219797212965934,0.7577924609675671,0.5133290166305254,0.012209715993071723,0.020721707493066788,0.0013683552492981437,0.0760568156838417,20.0,0.9849557596992408,0.00039349231703884223
GCN,static,1,0.9405301608855949,0.7308235753368585,0.6597073371484352,0.022049520863117473,0.02977617271244526,0.01578210522158241,0.0760568156838417,20.0,0.9224503506766132,0.011348881195722657
GraphSAGE,static,1,0.9507262374966613,0.7857271589362335,0.7083938724580792,0.02679803214071152,0.02066042274236679,0.002736570400185883,0.0760568156838417,18.0,1.0399781473958745,0.00041313671357718045
GAT,static,1,0.9457743399299703,0.7749874829126604,0.676681284003866,0.02193428105384524,0.022790588438510895,0.0060852765035603875,0.0760568156838417,20.0,0.9430152019186332,0.0034131969281959093
GraphTransformer,static,1,0.9503671592196495,0.7856311447673998,0.7058339664279678,0.02603851839837269,0.020709902048110962,0.003615152237936854,0.0760568156838417,10.0,1.0566048134697983,0.002332988469268788
GCN-GRU,temporal,1,0.9404897492814019,0.7534443552065756,0.6520397746258485,0.02096465432723054,0.02803284488618374,0.013615964468124069,0.0760568156838417,19.0,0.9047416834818139,0.007970988953274421
Transformer-GRU,temporal,1,0.9693652825346303,0.8571833143590769,0.8213653382459165,0.040912029680252746,0.019666830077767372,0.005803620814663273,0.0760568156838417,13.0,0.9094134165918073,0.0023227668305943632
Persistence,baseline,2,0.917943094397346,0.7318407219303924,0.5,0.011492147236266823,0.021022727272727273,0.021022728649793532,0.06988636404275894,,,
Exposure (true β),baseline,2,0.9472367527352732,0.7548310808319771,0.6936017249073764,0.022828267417963396,0.02132251486182213,0.018001798907517116,0.06988636404275894,,,
MLP,static,2,0.924476849879067,0.7506711096079044,0.5432956892900079,0.012908275904817544,0.019409753382205963,0.002087032937317748,0.06988636404275894,13.0,0.994177601708009,0.0017181372108911587
GCN,static,2,0.9395261071462273,0.7334210041701311,0.6544580477342485,0.020033300069298515,0.026868393644690514,0.014072124108777973,0.06988636404275894,20.0,0.917265784626012,0.011577151081090878
GraphSAGE,static,2,0.9490591017675601,0.774358397448426,0.7039969655019969,0.024829471343698662,0.019345642998814583,0.0033632109823784877,0.06988636404275894,12.0,1.0415462428870153,0.0023620481282811273
GAT,static,2,0.9444126872973068,0.763350631599523,0.6754156846984265,0.021100001051783154,0.021118301898241043,0.004790911775463346,0.06988636404275894,20.0,1.0260740655674931,0.004326898063067347
GraphTransformer,static,2,0.9484467005378667,0.7759416689047328,0.6998477302335949,0.024345494954426013,0.019401734694838524,0.004212737542312508,0.06988636404275894,10.0,1.03858720432181,0.0033702771075768394
GCN-GRU,temporal,2,0.9382364527615954,0.745407047971512,0.6430849822900745,0.01908412625188185,0.026275379583239555,0.01173725899645466,0.06988636404275894,15.0,0.9575598698587998,0.011645130446233616
Transformer-GRU,temporal,2,0.9671898455930192,0.8451206174342513,0.8112684865733337,0.03768935481417821,0.01844852976500988,0.002189862920511091,0.06988636404275894,20.0,0.9642648616214871,0.00080151270899329
