model,seed,horizon,rmse,auc,ap,auc_new,ap_new,brier,ece,prevalence
Persistence,0,1,0.1620185174601965,0.9169623548914166,0.7371672437877703,0.5,0.01469580818789757,0.02625,0.026250001595222526,0.08821428567171097
Persistence,0,3,0.27747801285696067,0.75920010005705,0.35632237269036704,0.5,0.042749959223617684,0.07699404761904761,0.07699404891879696,0.08866071701049805
Persistence,0,7,0.3865291216774771,0.532246169589433,0.0959451831170221,0.5,0.0817158701679987,0.1494047619047619,0.14940475863848057,0.08735118806362152
Persistence,0,14,0.4059453986272867,0.45404870181718526,0.07737339792254123,0.5,0.08479856467134236,0.16479166666666667,0.16479166879410817,0.07758928835391998
Exposure (true β),0,1,0.16338099554154512,0.9429386796913971,0.7608968456215386,0.6733490715316122,0.026280724896372933,0.026693349704146385,0.022539896708469658,0.08821428567171097
Exposure (true β),0,3,0.2730210402549902,0.851588991341248,0.4126918023762146,0.7191522272788498,0.08627579540002327,0.07454048842191696,0.054753899587528965,0.08866071701049805
Exposure (true β),0,7,0.3787464709479465,0.6988550823025435,0.1438589074694426,0.7126489170858992,0.15478727190961042,0.14344888925552368,0.12671818313837452,0.08735118806362152
Exposure (true β),0,14,0.4026438880594856,0.4832295257262083,0.07381758478557118,0.5323291556751318,0.09028251204136363,0.16212210059165955,0.14441263893597006,0.07758928835391998
GraphSAGE,0,1,0.15536016765086502,0.9442467008792811,0.7601220482752332,0.6839705915883164,0.02667656916056043,0.024136781692504883,0.001302517042107259,0.08821428567171097
GraphSAGE,0,3,0.24062481607702582,0.855464123262761,0.4408464743630914,0.7265112769982401,0.08889023803966495,0.05790030211210251,0.004184503281444666,0.08866071701049805
GraphSAGE,0,7,0.2758411888063294,0.7130478968331458,0.16630803418929552,0.722642173911502,0.16600606619207736,0.07608836144208908,0.005173418102675074,0.08735118806362152
GraphSAGE,0,14,0.2651677122319258,0.659120679043665,0.1160250331803079,0.6253782444230488,0.11612583054018871,0.07031391561031342,0.009393258526743877,0.07758928835391998
ST-LSTM,0,1,0.15266024285622434,0.9624360336066571,0.844567563639677,0.7863611880310739,0.03766438909538372,0.023305149748921394,0.01039440244218678,0.08821428567171097
ST-LSTM,0,3,0.2307939498031098,0.89314931888974,0.5696777121548746,0.8045873036778188,0.11747982033323828,0.05326584726572037,0.016959329785036278,0.08866071701049805
ST-LSTM,0,7,0.27256589665840825,0.7635564979135134,0.2201697013121618,0.7618859456929836,0.19373092253883273,0.07429216802120209,0.025157368362415583,0.08735118806362152
ST-LSTM,0,14,0.2649187769437291,0.6850412622714922,0.12649445542089255,0.6538661505545114,0.12660799822279342,0.0701819583773613,0.01891848831437528,0.07758928835391998
Persistence,1,1,0.16095880869103776,0.9169832884751054,0.7375966746790962,0.5,0.01454918700511584,0.025907738095238095,0.02590774066277802,0.08730654418468475
Persistence,1,3,0.2763495026575,0.7586039922763721,0.35573363759725435,0.5,0.04258854964319463,0.07636904761904761,0.07636905006764988,0.08806547522544861
Persistence,1,7,0.38735596401390654,0.5298972833741273,0.0961944712655537,0.5,0.08307536902473199,0.15004464285714286,0.15004464036674195,0.08834821730852127
Persistence,1,14,0.40852157954308965,0.4540882175133138,0.08043611357224392,0.5,0.08806086871517482,0.16688988095238094,0.1668898828171396,0.08061011880636215
Exposure (true β),1,1,0.1620615176142772,0.9437320323102629,0.7617571092952595,0.6782028083740048,0.026755594922472863,0.02626393549144268,0.02191577803279783,0.08730654418468475
Exposure (true β),1,3,0.2716346846055215,0.8558910519305325,0.4143128179118829,0.729692088025829,0.08960195777977095,0.07378540188074112,0.05414352834637698,0.08806547522544861
Exposure (true β),1,7,0.37938592967294443,0.7030429274561563,0.14661366565096218,0.7194550076261309,0.15909862644305808,0.14393368363380432,0.12784888258702787,0.08834821730852127
Exposure (true β),1,14,0.4050435896657352,0.4853450913673989,0.07725574192417112,0.5345779375291178,0.0938617975471801,0.1640603095293045,0.14750337619589465,0.08061011880636215
GraphSAGE,1,1,0.15432413681244,0.9444860603890926,0.7644210291356943,0.6853643203811371,0.028897272458434934,0.0238159392029047,0.0004496466599327202,0.08730654418468475
GraphSAGE,1,3,0.23965851841050867,0.8580346858035086,0.4361283124445078,0.7339898315657036,0.09613929125648024,0.05743620544672012,0.0021099495160437766,0.08806547522544861
GraphSAGE,1,7,0.27691661825465663,0.7219095407898095,0.1751677144583605,0.735001899402091,0.1793855602236763,0.07668281346559525,0.01030344947573862,0.08834821730852127
GraphSAGE,1,14,0.2695267027319299,0.6542577512543075,0.11837844199985706,0.6198715440524029,0.11845526756887426,0.07264464348554611,0.003981494690413543,0.08061011880636215
ST-LSTM,1,1,0.15114031371044453,0.9650729069396485,0.8497616560972814,0.8035901009579064,0.0436386945902902,0.022843394428491592,0.008228782281456959,0.08730654418468475
ST-LSTM,1,3,0.22861218653844134,0.8995481958490193,0.5776599839474085,0.8196600968213497,0.13416826165164117,0.0522635318338871,0.012103304374974134,0.08806547522544861
ST-LSTM,1,7,0.2720045416887562,0.7757185970045053,0.2285302597498786,0.7707862284791653,0.20728117291350387,0.0739864706993103,0.013756731904965517,0.08834821730852127
ST-LSTM,1,14,0.26822235351847634,0.6858984113264446,0.13786579040786046,0.6548755493038445,0.1379858839701067,0.07194323092699051,0.007860866510309279,0.08061011880636215
Persistence,2,1,0.15138251770487457,0.9159729670381521,0.7319245297735782,0.5,0.01284114315139032,0.022916666666666665,0.022916667908430104,0.07607142627239227
Persistence,2,3,0.25946373267073103,0.757927445974125,0.3465907168640486,0.5,0.03747747167868177,0.06732142857142857,0.06732142669104395,0.07723214477300644
Persistence,2,7,0.3645569718360708,0.5323218024749129,0.08736342808398367,0.5,0.073860710607621,0.1329017857142857,0.13290178783592727,0.07894345372915268
Persistence,2,14,0.3903409681657453,0.46016294883582226,0.07726498504831511,0.5,0.08354788877445932,0.15236607142857142,0.15236607273630354,0.07739583402872086
Exposure (true β),2,1,0.1523044914621998,0.9459333390498901,0.7561848404692979,0.6942480087677217,0.025080969475720465,0.023196658119559288,0.018930000689828634,0.07607142627239227
Exposure (true β),2,3,0.2553129841205765,0.8591706539966983,0.4043417172232201,0.7338920128963546,0.08239093053190463,0.06518471986055374,0.04797831843357666,0.07723214477300644
Exposure (true β),2,7,0.3575706797535834,0.7058841388600181,0.13665899408126353,0.7157288583694781,0.14504971017552112,0.1278567910194397,0.11333963073989643,0.07894345372915268
Exposure (true β),2,14,0.3875061842209572,0.47595867097843386,0.07288709181017199,0.5172253224459988,0.08652996255905848,0.1501610428094864,0.1342729578250354,0.07739583402872086
GraphSAGE,2,1,0.14525268897843865,0.9473747768450818,0.7612570950109764,0.7044158275746746,0.02747971910546004,0.021098343655467033,0.0030846198359947828,0.07607142627239227
GraphSAGE,2,3,0.22546099220512353,0.8639156948083766,0.42582029186743187,0.7444761142189277,0.09183437403710895,0.050832659006118774,0.003758892122256969,0.07723214477300644
GraphSAGE,2,7,0.2634003123805439,0.7234673296320826,0.1601883398508381,0.7315944151113782,0.16066855727326246,0.06937972456216812,0.006850873987811307,0.07894345372915268
GraphSAGE,2,14,0.2662428933972693,0.6105367265027027,0.09856049325131166,0.5771165462966029,0.09859324451856578,0.07088527828454971,0.012908620113684308,0.07739583402872086
ST-LSTM,2,1,0.1422620234800804,0.9644785767371628,0.8457980468963363,0.8000026575910646,0.038953840423292155,0.02023848332464695,0.0034669117069625784,0.07607142627239227
ST-LSTM,2,3,0.2168647814412819,0.8988532817908976,0.5616429874512198,0.8148887974934307,0.12089480880782169,0.047030333429574966,0.006804380183790013,0.07723214477300644
ST-LSTM,2,7,0.2604963450925918,0.7614300997272829,0.20120777860346076,0.7536193271329992,0.17352255564513536,0.06785834580659866,0.007878217771981976,0.07894345372915268
ST-LSTM,2,14,0.26544907297693576,0.6147329242699578,0.10081942763761989,0.5816511528319688,0.10085305383735585,0.07046321034431458,0.0026815162160034687,0.07739583402872086
