topology,model,seed,auc,ap,auc_new,ap_new,brier,ece,prevalence
barabasi,Exposure (true β),0,0.9480971058565768,0.7603286214385164,0.691564822901829,0.023977692121927956,0.022660624235868454,0.019945458804617046,0.07506818324327469
barabasi,GraphSAGE,0,0.95097943779982,0.7728967120616014,0.7111592462952352,0.024623923434088434,0.02043665014207363,0.001754994685634632,0.07506818324327469
barabasi,Exposure (true β),1,0.9480542782375121,0.7607059653209436,0.6926770500217381,0.024483101575667406,0.02287575788795948,0.020005471444350074,0.0760568156838417
barabasi,GraphSAGE,1,0.9507262374966613,0.7857271589362335,0.7083938724580792,0.02679803214071152,0.02066042274236679,0.002736570400185883,0.0760568156838417
barabasi,Exposure (true β),2,0.9472367527352732,0.7548310808319771,0.6936017249073764,0.022828267417963396,0.02132251486182213,0.018001798907517116,0.06988636404275894
barabasi,GraphSAGE,2,0.9490591017675601,0.774358397448426,0.7039969655019969,0.024829471343698662,0.019345642998814583,0.0033632109823784877,0.06988636404275894
watts,Exposure (true β),0,0.9510268453309718,0.7613684069781257,0.7051242645638203,0.021976349447106094,0.018515311181545258,0.015492849498669702,0.06272727251052856
watts,GraphSAGE,0,0.9530291588035396,0.7816766000816602,0.7170686404321347,0.024036560021454236,0.016873206943273544,0.0018999099094759336,0.06272727251052856
watts,Exposure (true β),1,0.9470182073924002,0.761166681293137,0.6859166063405615,0.022495838170612553,0.021763447672128677,0.01792974745167885,0.07348863780498505
watts,GraphSAGE,1,0.948466058279906,0.7775413284214212,0.6943303551152864,0.023220911425685477,0.019856920465826988,0.0027869981366463684,0.07348863780498505
watts,Exposure (true β),2,0.9513223993608957,0.7515963269155952,0.7155968839075678,0.020210727822578767,0.01707741804420948,0.013913811900652946,0.05631818249821663
watts,GraphSAGE,2,0.9537729063103707,0.7728217898020368,0.7301240166880246,0.02142215953919022,0.015576349571347237,0.000583876296327534,0.05631818249821663
erdos,Exposure (true β),0,0.9460146641364242,0.7474081206859591,0.6888287541180005,0.01985170424581384,0.019466673955321312,0.015899881594602698,0.06294318288564682
erdos,GraphSAGE,0,0.9464904064382897,0.7628283050234952,0.6907122959655861,0.021226968770986253,0.01766781136393547,0.00206757984361188,0.06294318288564682
erdos,Exposure (true β),1,0.9504877367335816,0.7544826226319507,0.7069817783059709,0.02029375050168577,0.017845721915364265,0.014709987494290214,0.059409089386463165
erdos,GraphSAGE,1,0.9524860912995169,0.7756213129719959,0.7184777399752473,0.021288935737793,0.016249623149633408,0.0019213577273132448,0.059409089386463165
erdos,Exposure (true β),2,0.9479199039574795,0.7640967009542475,0.6869814002300187,0.022637825902525065,0.022735120728611946,0.019277004831639882,0.0774431824684143
erdos,GraphSAGE,2,0.9496379377897036,0.7837024065615832,0.6973070564266791,0.024743883618069527,0.020653115585446358,0.0013208921818824654,0.0774431824684143
